{"cameraMode":{"drawMode":0,"name":"Shaded","section":"Shading Mode"},"sceneLighting":false,"audioPlay":false,"sceneViewState":{"m_AlwaysRefresh":false,"showFog":false,"showSkybox":true,"showFlares":false,"showImageEffects":false,"showParticleSystems":false,"showVisualEffectGraphs":true,"m_FxEnabled":true},"in2DMode":false,"pivot":{"x":2.750805616378784,"y":-1.5911672115325928,"z":2.829343557357788},"rotation":{"x":-0.0003812687355093658,"y":-0.9513142704963684,"z":-0.0011604030150920153,"w":0.30823081731796267},"size":0.8679753541946411,"orthographic":false}